{
    "300001": {
        "0": {
            "Longitude": 45.0, 
            "RotationY": 45.0, 
            "SunColor": {
                "__tuple__": true, 
                "items": [
                    237.0000010728836, 
                    237.0000010728836, 
                    237.0000010728836
                ]
            }, 
            "SunColorIntensity": 10.0, 
            "time": 0.0
        }
    }
}